{"cameraMode":{"drawMode":0,"name":"Shaded","section":"Shading Mode"},"sceneLighting":false,"audioPlay":false,"sceneViewState":{"showFog":true,"showMaterialUpdate":false,"showSkybox":false,"showFlares":true,"showImageEffects":true,"showParticleSystems":true},"in2DMode":false,"pivot":{"x":-0.03830432891845703,"y":0.4706137776374817,"z":5.020298004150391},"rotation":{"x":-0.44055333733558657,"y":0.01803615875542164,"z":-0.008861805312335492,"w":-0.8975120782852173},"size":10.609909057617188,"orthographic":false}