{"cameraMode":{"drawMode":0,"name":"Shaded","section":"Shading Mode"},"sceneLighting":false,"audioPlay":false,"sceneViewState":{"showFog":true,"showMaterialUpdate":false,"showSkybox":false,"showFlares":true,"showImageEffects":true,"showParticleSystems":true},"in2DMode":false,"pivot":{"x":0.7224814295768738,"y":0.06307511776685715,"z":2.788764715194702},"rotation":{"x":-0.016950266435742379,"y":-0.37818798422813418,"z":0.00692091416567564,"w":-0.9255576729774475},"size":5.331671237945557,"orthographic":false}