{"cameraMode":{"drawMode":0,"name":"Shaded","section":"Shading Mode"},"sceneLighting":false,"audioPlay":false,"sceneViewState":{"showFog":true,"showMaterialUpdate":false,"showSkybox":false,"showFlares":true,"showImageEffects":true,"showParticleSystems":true},"in2DMode":false,"pivot":{"x":-0.031697750091552737,"y":0.43929046392440798,"z":0.22404128313064576},"rotation":{"x":-0.1211531013250351,"y":-0.17122463881969453,"z":0.021221451461315156,"w":-0.9775250554084778},"size":4.512819290161133,"orthographic":false}