{"cameraMode":{"drawMode":0,"name":"Shaded","section":"Shading Mode"},"sceneLighting":false,"audioPlay":false,"sceneViewState":{"showFog":true,"showMaterialUpdate":false,"showSkybox":false,"showFlares":true,"showImageEffects":true,"showParticleSystems":true},"in2DMode":false,"pivot":{"x":-0.3889528512954712,"y":-1.0553021430969239,"z":2.032259702682495},"rotation":{"x":-0.30939680337905886,"y":0.06468752771615982,"z":-0.021114258095622064,"w":-0.9485138654708862},"size":4.683304309844971,"orthographic":false}