{"cameraMode":{"drawMode":0,"name":"Shaded","section":"Shading Mode"},"sceneLighting":false,"audioPlay":false,"sceneViewState":{"showFog":true,"showMaterialUpdate":false,"showSkybox":false,"showFlares":true,"showImageEffects":true,"showParticleSystems":true},"in2DMode":false,"pivot":{"x":0.7283365726470947,"y":-1.3684335947036744,"z":2.431481122970581},"rotation":{"x":0.21571969985961915,"y":-0.024896668270230295,"z":0.005502050742506981,"w":0.9761243462562561},"size":5.832666873931885,"orthographic":false}