{"cameraMode":{"drawMode":0,"name":"Shaded","section":"Shading Mode"},"sceneLighting":false,"audioPlay":false,"sceneViewState":{"showFog":true,"showMaterialUpdate":false,"showSkybox":false,"showFlares":true,"showImageEffects":true,"showParticleSystems":true},"in2DMode":false,"pivot":{"x":-4.043333530426025,"y":0.6095390319824219,"z":-1.828104853630066},"rotation":{"x":-0.010536106303334237,"y":-0.6463746428489685,"z":0.008926784619688988,"w":-0.7628970146179199},"size":2.857883930206299,"orthographic":false}