{"cameraMode":{"drawMode":0,"name":"Shaded","section":"Shading Mode"},"sceneLighting":false,"audioPlay":false,"sceneViewState":{"showFog":true,"showMaterialUpdate":false,"showSkybox":false,"showFlares":true,"showImageEffects":true,"showParticleSystems":true},"in2DMode":false,"pivot":{"x":0.49139833450317385,"y":0.11292698979377747,"z":0.2568835914134979},"rotation":{"x":-0.06894918531179428,"y":-0.09354044497013092,"z":0.006493209861218929,"w":-0.9932059645652771},"size":2.8578836917877199,"orthographic":false}