{"cameraMode":{"drawMode":0,"name":"Shaded","section":"Shading Mode"},"sceneLighting":false,"audioPlay":false,"sceneViewState":{"showFog":true,"showMaterialUpdate":false,"showSkybox":false,"showFlares":true,"showImageEffects":true,"showParticleSystems":true},"in2DMode":false,"pivot":{"x":-0.2447509616613388,"y":-0.21500778198242188,"z":3.7429490089416506},"rotation":{"x":-0.44055333733558657,"y":0.01803615875542164,"z":-0.008861805312335492,"w":-0.8975120782852173},"size":9.787494659423829,"orthographic":false}