{"cameraMode":{"drawMode":0,"name":"Shaded","section":"Shading Mode"},"sceneLighting":false,"audioPlay":false,"sceneViewState":{"showFog":true,"showMaterialUpdate":false,"showSkybox":false,"showFlares":true,"showImageEffects":true,"showParticleSystems":true},"in2DMode":false,"pivot":{"x":-0.060564279556274417,"y":0.23883724212646485,"z":-0.033567845821380618},"rotation":{"x":-0.42850247025489809,"y":-0.07116437703371048,"z":0.03387882933020592,"w":-0.9001091718673706},"size":4.255624294281006,"orthographic":false}