{"cameraMode":{"drawMode":0,"name":"Shaded","section":"Shading Mode"},"sceneLighting":false,"audioPlay":false,"sceneViewState":{"showFog":true,"showMaterialUpdate":false,"showSkybox":false,"showFlares":true,"showImageEffects":true,"showParticleSystems":true},"in2DMode":false,"pivot":{"x":-0.10430217534303665,"y":0.6176769137382507,"z":-0.30254021286964419},"rotation":{"x":-0.2815150022506714,"y":0.16475434601306916,"z":-0.049132339656353,"w":-0.9440310001373291},"size":2.1150832176208498,"orthographic":false}