{"cameraMode":{"drawMode":0,"name":"Shaded","section":"Shading Mode"},"sceneLighting":false,"audioPlay":false,"sceneViewState":{"showFog":true,"showMaterialUpdate":false,"showSkybox":false,"showFlares":true,"showImageEffects":true,"showParticleSystems":true},"in2DMode":false,"pivot":{"x":0.9901580810546875,"y":0.6427094340324402,"z":0.7299796938896179},"rotation":{"x":0.012144497595727444,"y":-0.6611040830612183,"z":-0.010705800727009774,"w":-0.7501214742660523},"size":4.657884120941162,"orthographic":false}