{"cameraMode":{"drawMode":0,"name":"Shaded","section":"Shading Mode"},"sceneLighting":false,"audioPlay":false,"sceneViewState":{"showFog":true,"showMaterialUpdate":false,"showSkybox":false,"showFlares":true,"showImageEffects":true,"showParticleSystems":true},"in2DMode":false,"pivot":{"x":0.08299040794372559,"y":0.2623147964477539,"z":0.03442716598510742},"rotation":{"x":-0.5966193675994873,"y":-0.007950609549880028,"z":0.005904293619096279,"w":-0.802477240562439},"size":4.677523136138916,"orthographic":false}