{"cameraMode":{"drawMode":0,"name":"Shaded","section":"Shading Mode"},"sceneLighting":false,"audioPlay":false,"sceneViewState":{"showFog":true,"showMaterialUpdate":false,"showSkybox":false,"showFlares":true,"showImageEffects":true,"showParticleSystems":true},"in2DMode":false,"pivot":{"x":0.19245591759681703,"y":-0.9885354042053223,"z":1.3733302354812623},"rotation":{"x":-0.3900737166404724,"y":0.01988324150443077,"z":-0.008426056243479252,"w":-0.9205322265625},"size":4.0578837394714359,"orthographic":false}