{"cameraMode":{"drawMode":0,"name":"Shaded","section":"Shading Mode"},"sceneLighting":false,"audioPlay":false,"sceneViewState":{"showFog":true,"showMaterialUpdate":false,"showSkybox":false,"showFlares":true,"showImageEffects":true,"showParticleSystems":true},"in2DMode":false,"pivot":{"x":-0.8795837759971619,"y":0.12218070030212403,"z":0.5253138542175293},"rotation":{"x":-0.35666534304618838,"y":-0.023264192044734956,"z":0.008878829888999462,"w":-0.9339122176170349},"size":2.8775229454040529,"orthographic":false}