{"cameraMode":{"drawMode":0,"name":"Shaded","section":"Shading Mode"},"sceneLighting":false,"audioPlay":false,"sceneViewState":{"showFog":true,"showMaterialUpdate":false,"showSkybox":false,"showFlares":true,"showImageEffects":true,"showParticleSystems":true},"in2DMode":false,"pivot":{"x":-0.3867870271205902,"y":-0.7341542840003967,"z":1.8973333835601807},"rotation":{"x":-0.36767226457595827,"y":0.036806944757699969,"z":-0.014576357789337635,"w":-0.9291260838508606},"size":6.060800552368164,"orthographic":false}