{"cameraMode":{"drawMode":0,"name":"Shaded","section":"Shading Mode"},"sceneLighting":false,"audioPlay":false,"sceneViewState":{"showFog":true,"showMaterialUpdate":false,"showSkybox":false,"showFlares":true,"showImageEffects":true,"showParticleSystems":true},"in2DMode":false,"pivot":{"x":-0.280911922454834,"y":-0.2613871991634369,"z":0.06679002195596695},"rotation":{"x":-0.1375773549079895,"y":0.0644296333193779,"z":-0.00896969810128212,"w":-0.9883540868759155},"size":2.8578836917877199,"orthographic":false}