{"cameraMode":{"drawMode":0,"name":"Shaded","section":"Shading Mode"},"sceneLighting":false,"audioPlay":false,"sceneViewState":{"showFog":true,"showMaterialUpdate":false,"showSkybox":false,"showFlares":true,"showImageEffects":true,"showParticleSystems":true},"in2DMode":false,"pivot":{"x":-2.679551839828491,"y":-0.5686872601509094,"z":0.8161651492118836},"rotation":{"x":-0.23274542391300202,"y":0.20303700864315034,"z":-0.04975423589348793,"w":-0.9498069882392883},"size":4.008546829223633,"orthographic":false}