{"cameraMode":{"drawMode":0,"name":"Shaded","section":"Shading Mode"},"sceneLighting":false,"audioPlay":false,"sceneViewState":{"showFog":true,"showMaterialUpdate":false,"showSkybox":false,"showFlares":true,"showImageEffects":true,"showParticleSystems":true},"in2DMode":false,"pivot":{"x":-0.3524095118045807,"y":0.02379698120057583,"z":0.3321636915206909},"rotation":{"x":-0.41112738847732546,"y":0.25456130504608157,"z":-0.12072177976369858,"w":-0.8669618964195252},"size":2.2920889854431154,"orthographic":false}