{"cameraMode":{"drawMode":0,"name":"Shaded","section":"Shading Mode"},"sceneLighting":false,"audioPlay":false,"sceneViewState":{"showFog":true,"showMaterialUpdate":false,"showSkybox":false,"showFlares":true,"showImageEffects":true,"showParticleSystems":true},"in2DMode":false,"pivot":{"x":0.529874861240387,"y":0.17676280438899995,"z":-0.5879855155944824},"rotation":{"x":-0.21473059058189393,"y":-0.3558513820171356,"z":0.08437471091747284,"w":-0.9056181311607361},"size":2.8578836917877199,"orthographic":false}