{"cameraMode":{"drawMode":0,"name":"Shaded","section":"Shading Mode"},"sceneLighting":false,"audioPlay":false,"sceneViewState":{"showFog":true,"showMaterialUpdate":false,"showSkybox":false,"showFlares":true,"showImageEffects":true,"showParticleSystems":true},"in2DMode":false,"pivot":{"x":-0.7217321991920471,"y":-0.6575068235397339,"z":0.8304821848869324},"rotation":{"x":-0.3008146286010742,"y":-0.27591049671173098,"z":0.09137456864118576,"w":-0.9083157181739807},"size":3.457883596420288,"orthographic":false}