{"cameraMode":{"drawMode":0,"name":"Shaded","section":"Shading Mode"},"sceneLighting":false,"audioPlay":false,"sceneViewState":{"showFog":true,"showMaterialUpdate":false,"showSkybox":false,"showFlares":true,"showImageEffects":true,"showParticleSystems":true},"in2DMode":false,"pivot":{"x":-0.021790316328406335,"y":-11.5375337600708,"z":5.781062126159668},"rotation":{"x":0.5396223068237305,"y":-0.007275063078850508,"z":0.004744924604892731,"w":0.8418912291526794},"size":16.288419723510743,"orthographic":false}