{"cameraMode":{"drawMode":0,"name":"Shaded","section":"Shading Mode"},"sceneLighting":false,"audioPlay":false,"sceneViewState":{"showFog":true,"showMaterialUpdate":false,"showSkybox":false,"showFlares":true,"showImageEffects":true,"showParticleSystems":true},"in2DMode":false,"pivot":{"x":-0.5403498411178589,"y":-11.931877136230469,"z":11.445405960083008},"rotation":{"x":0.3759600520133972,"y":-0.017726123332977296,"z":0.007309557870030403,"w":0.9264642000198364},"size":22.0,"orthographic":false}