{"cameraMode":{"drawMode":0,"name":"Shaded","section":"Shading Mode"},"sceneLighting":false,"audioPlay":false,"sceneViewState":{"showFog":true,"showMaterialUpdate":false,"showSkybox":false,"showFlares":true,"showImageEffects":true,"showParticleSystems":true},"in2DMode":false,"pivot":{"x":2.846400260925293,"y":0.15431678295135499,"z":-0.5},"rotation":{"x":0.5997909903526306,"y":0.13301709294319154,"z":-0.1018533930182457,"w":0.7824484705924988},"size":13.603489875793457,"orthographic":false}