{"cameraMode":{"drawMode":0,"name":"Shaded","section":"Shading Mode"},"sceneLighting":false,"audioPlay":false,"sceneViewState":{"showFog":true,"showMaterialUpdate":false,"showSkybox":false,"showFlares":true,"showImageEffects":true,"showParticleSystems":true},"in2DMode":false,"pivot":{"x":-0.8132892847061157,"y":-5.4726738929748539,"z":-2.1360418796539308},"rotation":{"x":0.5890735387802124,"y":-0.05323280394077301,"z":0.03893594071269035,"w":0.8053891658782959},"size":11.609442710876465,"orthographic":false}