{"cameraMode":{"drawMode":0,"name":"Shaded","section":"Shading Mode"},"sceneLighting":false,"audioPlay":false,"sceneViewState":{"showFog":true,"showMaterialUpdate":false,"showSkybox":false,"showFlares":true,"showImageEffects":true,"showParticleSystems":true},"in2DMode":false,"pivot":{"x":-2.5728790760040285,"y":-25.43834686279297,"z":25.950977325439454},"rotation":{"x":0.3826107680797577,"y":-0.03985334932804108,"z":0.01659865491092205,"w":0.9229324460029602},"size":41.21749496459961,"orthographic":false}