{"cameraMode":{"drawMode":0,"name":"Shaded","section":"Shading Mode"},"sceneLighting":true,"audioPlay":false,"sceneViewState":{"showFog":true,"showMaterialUpdate":false,"showSkybox":true,"showFlares":true,"showImageEffects":true,"showParticleSystems":true},"in2DMode":false,"pivot":{"x":0.9647572040557861,"y":2.069601535797119,"z":-0.20054244995117188},"rotation":{"x":-0.020950637757778169,"y":-0.06743389368057251,"z":-0.0014163203304633499,"w":0.9975028038024902},"size":20.109386444091798,"orthographic":false}