{"cameraMode":{"drawMode":0,"name":"Shaded","section":"Shading Mode"},"sceneLighting":false,"audioPlay":false,"sceneViewState":{"showFog":true,"showMaterialUpdate":false,"showSkybox":false,"showFlares":true,"showImageEffects":true,"showParticleSystems":true},"in2DMode":false,"pivot":{"x":1.2104284763336182,"y":0.8526009321212769,"z":-2.224912166595459},"rotation":{"x":-0.020950637757778169,"y":-0.06743389368057251,"z":-0.0014163203304633499,"w":0.9975028038024902},"size":22.0,"orthographic":false}