{"cameraMode":{"drawMode":0,"name":"Shaded","section":"Shading Mode"},"sceneLighting":true,"audioPlay":false,"sceneViewState":{"showFog":true,"showMaterialUpdate":false,"showSkybox":true,"showFlares":true,"showImageEffects":true,"showParticleSystems":true},"in2DMode":false,"pivot":{"x":3.068065643310547,"y":3.6192190647125246,"z":1.4420650005340577},"rotation":{"x":-0.10181718319654465,"y":0.011043937876820565,"z":0.0011304747313261033,"w":0.9947430491447449},"size":18.27779197692871,"orthographic":true}