{"cameraMode":{"drawMode":0,"name":"Shaded","section":"Shading Mode"},"sceneLighting":true,"audioPlay":false,"sceneViewState":{"showFog":true,"showMaterialUpdate":false,"showSkybox":true,"showFlares":true,"showImageEffects":true,"showParticleSystems":true},"in2DMode":false,"pivot":{"x":24.491350173950197,"y":1.6949142217636109,"z":57.67532730102539},"rotation":{"x":-0.011797350831329823,"y":0.18256080150604249,"z":0.0021938737481832506,"w":0.9831292033195496},"size":82.05876922607422,"orthographic":false}