{"cameraMode":{"drawMode":0,"name":"Shaded","section":"Shading Mode"},"sceneLighting":false,"audioPlay":false,"sceneViewState":{"showFog":true,"showMaterialUpdate":false,"showSkybox":false,"showFlares":true,"showImageEffects":true,"showParticleSystems":true},"in2DMode":false,"pivot":{"x":1.060939073562622,"y":0.6775869727134705,"z":-0.19548052549362184},"rotation":{"x":0.00014047317381482571,"y":0.9997284412384033,"z":0.005998105276376009,"w":-0.02280324697494507},"size":3.67822265625,"orthographic":false}