{"cameraMode":{"drawMode":0,"name":"Shaded","section":"Shading Mode"},"sceneLighting":false,"audioPlay":false,"sceneViewState":{"showFog":true,"showMaterialUpdate":false,"showSkybox":false,"showFlares":true,"showImageEffects":true,"showParticleSystems":true},"in2DMode":false,"pivot":{"x":0.0,"y":0.45000001788139346,"z":-0.23198670148849488},"rotation":{"x":-0.025096599012613298,"y":0.9725849628448486,"z":-0.1939244121313095,"w":-0.12586647272109986},"size":3.0782227516174318,"orthographic":false}