{"cameraMode":{"drawMode":0,"name":"Shaded","section":"Shading Mode"},"sceneLighting":true,"audioPlay":false,"sceneViewState":{"showFog":true,"showMaterialUpdate":false,"showSkybox":true,"showFlares":true,"showImageEffects":true,"showParticleSystems":true},"in2DMode":false,"pivot":{"x":-2.3836512565612795,"y":1.7102587223052979,"z":-1.8942108154296876},"rotation":{"x":-0.0703977644443512,"y":-0.0994870737195015,"z":0.007056455593556166,"w":-0.9925203919410706},"size":14.792269706726075,"orthographic":false}